Pos,Age,G,GS,MP,FG,FGA,FG%,3P,3PA,3P%,2P,2PA,2P%,eFG%,FT,FTA,FT%,ORB,DRB,TRB,AST,STL,BLK,TOV,PF,PS/G
PF,30,66,0,20.3,2.6,4.8,0.5489999999999999,0.0,0.0,0.0,2.6,4.8,0.552,0.5489999999999999,1.9,2.2,0.845,1.6,2.7,4.3,1.1,0.5,0.8,0.6,1.9,7.2
PF,27,60,0,17.9,1.8,3.9,0.46799999999999997,0.8,2.1,0.384,1.0,1.8,0.564,0.57,0.7,0.9,0.727,0.8,2.7,3.5,1.4,0.4,0.4,0.8,2.6,5.1
C,25,57,1,16.8,2.9,5.1,0.564,0.0,0.0,0.0,2.9,5.1,0.5660000000000001,0.564,1.2,2.1,0.59,1.5,2.4,3.9,0.9,0.3,1.9,1.1,2.3,7.0
C,33,16,2,7.0,1.3,2.7,0.465,0.1,0.3,0.25,1.2,2.4,0.48700000000000004,0.47700000000000004,0.2,0.2,1.0,0.4,1.1,1.5,0.7,0.1,0.1,0.5,0.9,2.8
C,35,72,72,31.8,6.5,13.8,0.469,0.3,1.0,0.348,6.2,12.9,0.478,0.48100000000000004,3.2,4.0,0.792,2.2,8.9,11.0,4.1,0.6,2.0,2.3,2.1,16.5
C,29,82,82,32.1,6.5,12.8,0.505,1.1,3.1,0.344,5.4,9.7,0.557,0.547,1.3,1.6,0.7979999999999999,1.8,5.5,7.3,3.2,0.8,1.5,1.3,2.0,15.2
SG,21,21,0,4.4,0.2,0.9,0.263,0.1,0.5,0.3,0.1,0.4,0.222,0.342,0.2,0.6,0.41700000000000004,0.2,0.5,0.7,0.1,0.3,0.0,0.2,0.5,0.9
SF,30,81,81,35.3,4.4,10.6,0.41600000000000004,2.3,6.2,0.371,2.1,4.4,0.478,0.523,1.6,2.0,0.7829999999999999,0.8,3.7,4.5,2.3,2.0,0.3,1.4,2.2,12.7
SG,22,55,35,31.1,6.5,14.5,0.449,1.9,4.9,0.387,4.6,9.6,0.48100000000000004,0.515,2.5,3.2,0.767,0.7,2.7,3.4,2.9,1.0,0.2,2.0,2.1,17.4
PF,34,30,0,10.2,1.1,3.4,0.32,0.2,1.4,0.171,0.9,2.1,0.419,0.354,0.3,0.5,0.643,0.9,1.9,2.8,0.4,0.3,0.4,0.4,1.3,2.7
SG,30,81,81,33.8,5.4,12.6,0.42700000000000005,1.1,3.5,0.309,4.3,9.1,0.47200000000000003,0.47,2.0,2.5,0.7859999999999999,0.5,2.8,3.3,4.7,1.9,0.5,2.5,2.1,13.8
PG,23,53,53,31.5,7.4,16.6,0.44799999999999995,1.6,4.9,0.321,5.8,11.6,0.502,0.496,3.2,3.6,0.885,0.8,2.1,3.0,4.7,1.1,0.3,2.3,2.0,19.6
PF,28,79,76,22.8,3.2,5.4,0.585,0.1,0.5,0.233,3.0,4.8,0.624,0.596,0.9,1.5,0.57,2.3,4.1,6.4,1.7,0.7,1.1,1.2,2.7,7.3
PF,24,62,59,32.0,6.7,13.1,0.515,0.0,0.1,0.0,6.7,13.0,0.518,0.515,2.9,4.1,0.7090000000000001,2.7,5.4,8.1,1.5,1.2,1.5,1.7,2.4,16.4
SF,29,80,43,24.4,2.5,6.3,0.39799999999999996,1.1,3.2,0.345,1.4,3.1,0.45299999999999996,0.486,1.1,1.6,0.728,0.5,2.2,2.7,1.8,0.9,0.2,0.8,2.4,7.3
C,30,29,2,21.9,1.8,4.6,0.38299999999999995,0.0,0.0,0.0,1.8,4.6,0.386,0.38299999999999995,0.8,1.6,0.489,3.0,5.8,8.8,3.8,0.6,1.0,1.8,2.7,4.3
SF,31,76,76,35.6,9.7,18.6,0.52,1.1,3.7,0.309,8.6,14.9,0.573,0.551,4.7,6.5,0.731,1.5,6.0,7.4,6.8,1.4,0.6,3.3,1.9,25.3
SG,27,78,13,26.3,3.8,9.3,0.41200000000000003,1.0,2.9,0.336,2.9,6.4,0.446,0.46399999999999997,3.1,3.7,0.815,0.5,2.7,3.2,3.0,0.7,0.5,1.9,2.1,11.7
SG,29,67,35,28.5,4.2,10.3,0.408,1.6,4.8,0.344,2.6,5.6,0.46399999999999997,0.488,5.3,6.3,0.83,0.5,2.1,2.5,2.5,0.9,0.3,1.6,1.6,15.3
C,31,36,2,16.1,2.3,4.3,0.523,0.0,0.1,0.0,2.3,4.3,0.529,0.523,1.1,1.3,0.813,1.3,2.1,3.3,0.8,0.6,0.3,0.7,2.0,5.6
PF,20,72,72,28.4,5.2,12.3,0.42100000000000004,1.1,3.4,0.33299999999999996,4.1,8.9,0.45399999999999996,0.467,2.8,3.3,0.838,1.8,5.5,7.3,1.3,0.7,1.9,1.7,2.8,14.3
SG,24,70,70,22.2,1.9,3.9,0.496,0.5,1.5,0.311,1.5,2.4,0.608,0.555,0.5,0.8,0.611,1.1,2.5,3.6,0.7,0.8,0.6,0.5,1.9,4.8
SF,20,79,9,17.9,2.3,5.3,0.433,0.8,2.4,0.349,1.4,2.9,0.504,0.513,0.6,0.7,0.907,0.4,1.9,2.2,1.4,0.5,0.2,1.2,1.6,6.1
SF,28,64,24,22.9,4.0,9.9,0.409,2.2,6.0,0.36700000000000005,1.8,3.9,0.474,0.521,1.5,1.9,0.75,0.4,2.3,2.7,1.0,0.8,0.5,1.1,2.2,11.8
SF,24,72,72,33.1,7.7,15.1,0.506,1.8,4.0,0.44299999999999995,5.9,11.1,0.528,0.565,4.1,4.6,0.8740000000000001,1.3,5.5,6.8,2.6,1.8,1.0,1.5,1.8,21.2
C,33,19,0,5.1,0.3,0.5,0.6,0.0,0.0,0.0,0.3,0.5,0.6,0.6,0.3,0.4,0.75,0.4,0.7,1.1,0.1,0.1,0.6,0.1,0.8,0.9
PG,32,64,0,20.0,2.6,5.8,0.447,0.8,2.5,0.32899999999999996,1.8,3.4,0.532,0.516,1.6,2.2,0.721,0.3,1.9,2.2,1.8,0.9,0.2,1.0,1.9,7.6
PG,21,73,69,29.4,4.4,10.0,0.436,0.4,1.3,0.326,3.9,8.7,0.451,0.456,1.5,2.6,0.589,1.1,2.5,3.6,6.4,1.2,0.3,2.4,2.2,10.7
PF,34,68,53,29.6,6.3,13.3,0.475,0.1,0.4,0.231,6.3,13.0,0.48200000000000004,0.479,2.5,3.2,0.7959999999999999,2.6,5.1,7.8,2.1,0.6,0.2,1.5,2.1,15.3
PF,35,37,0,7.0,0.6,1.6,0.377,0.0,0.2,0.111,0.6,1.4,0.423,0.385,0.3,0.4,0.75,0.3,1.8,2.0,0.4,0.1,0.1,0.1,0.7,1.6
C,22,80,80,25.2,3.3,5.3,0.613,0.0,0.0,0.0,3.3,5.3,0.613,0.613,1.4,2.5,0.5820000000000001,2.7,3.9,6.7,0.8,0.5,1.1,1.1,2.8,8.0
SF,26,79,39,26.8,4.1,9.5,0.433,1.6,4.3,0.382,2.5,5.2,0.474,0.519,1.4,1.7,0.833,0.5,2.8,3.2,1.3,0.4,0.1,1.5,1.5,11.2
C,26,48,0,11.0,1.8,4.3,0.41,0.0,0.0,0.0,1.8,4.2,0.414,0.41,0.4,0.5,0.826,0.6,2.0,2.6,1.0,0.2,0.8,0.9,1.4,3.9
PG,29,72,72,35.2,4.9,10.9,0.45399999999999996,0.9,2.4,0.365,4.1,8.5,0.479,0.494,1.2,2.1,0.58,1.1,5.0,6.0,11.7,2.0,0.1,3.9,2.4,11.9
PF,22,6,0,4.8,0.3,0.8,0.4,0.0,0.0,0.0,0.3,0.8,0.4,0.4,0.2,0.2,1.0,0.3,0.3,0.7,0.0,0.0,0.2,0.0,0.3,0.8
SG,25,80,80,33.3,8.1,17.3,0.47,3.5,8.1,0.425,4.7,9.2,0.51,0.569,2.4,2.8,0.873,0.4,3.4,3.8,2.1,0.8,0.6,1.7,1.9,22.1
SG,24,80,4,25.6,3.2,7.3,0.439,0.4,1.4,0.273,2.8,5.9,0.478,0.465,1.7,2.2,0.764,0.5,2.1,2.6,3.1,0.8,0.3,1.3,1.6,8.5
C,27,77,77,33.7,4.6,6.6,0.703,0.0,0.0,0.0,4.6,6.6,0.7040000000000001,0.703,3.5,8.0,0.43,3.5,10.3,13.8,1.2,0.7,2.3,1.4,2.7,12.7
PF,26,81,0,20.8,2.5,4.2,0.611,0.0,0.0,0.0,2.5,4.2,0.611,0.611,1.4,2.5,0.5589999999999999,2.8,4.6,7.4,1.1,0.7,0.9,0.8,2.5,6.5
SG,27,81,12,28.0,4.2,9.3,0.456,0.2,1.0,0.24100000000000002,4.0,8.3,0.48200000000000004,0.469,1.8,2.2,0.8270000000000001,0.6,4.3,4.9,4.4,1.0,0.3,2.1,1.7,10.5
SG,26,31,0,19.9,4.0,8.7,0.456,1.3,3.7,0.342,2.7,5.0,0.5379999999999999,0.528,1.9,2.2,0.8959999999999999,0.4,1.4,1.8,0.9,0.4,0.1,1.0,1.2,11.1
PF,24,71,7,12.9,1.8,4.1,0.447,0.0,0.0,0.0,1.8,4.1,0.44799999999999995,0.447,0.7,1.5,0.431,1.9,3.1,5.1,0.6,0.5,0.5,1.0,1.6,4.3
PF,30,74,74,30.6,7.2,14.1,0.513,0.0,0.2,0.0,7.2,13.9,0.521,0.513,3.5,4.1,0.858,2.4,6.2,8.5,1.5,0.5,1.1,1.3,2.0,18.0
SF,27,53,53,34.7,5.4,13.2,0.41,1.6,4.5,0.364,3.8,8.7,0.434,0.47200000000000003,7.1,8.2,0.868,1.0,4.3,5.3,2.5,0.8,0.4,1.5,1.6,19.5
C,33,52,36,14.7,2.4,4.3,0.5660000000000001,0.0,0.0,0.0,2.4,4.3,0.5660000000000001,0.5660000000000001,1.0,1.3,0.746,1.3,3.0,4.3,0.5,0.3,0.8,0.9,1.8,5.8
SF,29,82,12,20.4,2.6,6.7,0.384,0.7,2.7,0.272,1.8,4.0,0.46,0.439,1.3,1.7,0.75,0.5,1.9,2.4,1.3,1.0,0.2,1.0,2.0,7.2
PF,24,8,0,6.0,0.4,0.8,0.5,0.0,0.0,0.0,0.4,0.8,0.5,0.5,0.3,0.5,0.5,0.4,1.0,1.4,0.1,0.0,0.5,0.4,0.5,1.0
PG,23,5,0,5.4,0.4,1.6,0.25,0.0,0.6,0.0,0.4,1.0,0.4,0.25,0.4,0.4,1.0,0.0,0.2,0.2,0.2,0.2,0.0,0.6,1.0,1.2
PF,27,57,6,18.2,2.2,5.4,0.405,0.7,1.8,0.373,1.5,3.6,0.42200000000000004,0.467,0.9,1.1,0.831,0.9,3.4,4.3,1.9,0.4,0.5,1.0,1.9,6.0
SF,25,81,81,34.8,7.5,17.9,0.418,2.6,7.0,0.371,4.9,10.9,0.447,0.49,5.6,6.5,0.86,1.0,6.0,7.0,4.1,1.9,0.4,3.3,2.8,23.1
PG,33,72,72,27.5,4.9,9.9,0.493,0.4,0.9,0.415,4.5,9.0,0.501,0.512,1.8,2.4,0.76,0.2,2.2,2.4,5.3,0.8,0.2,1.8,1.6,11.9
C,29,68,64,17.3,1.5,2.9,0.5329999999999999,0.0,0.0,0.0,1.5,2.9,0.5329999999999999,0.5329999999999999,0.9,1.6,0.545,1.8,4.3,6.1,0.4,0.3,0.3,0.9,1.8,4.0
PG,33,44,5,16.1,2.0,4.5,0.434,0.3,1.0,0.341,1.6,3.5,0.461,0.47200000000000003,0.4,0.5,0.9,0.2,1.5,1.6,2.6,0.3,0.0,1.2,1.2,4.7
PG,27,79,78,28.5,5.5,12.5,0.439,1.4,3.5,0.4,4.1,9.0,0.45399999999999996,0.495,3.3,3.9,0.8370000000000001,0.4,2.3,2.7,5.9,1.2,0.3,2.8,2.1,15.7
SF,31,72,72,35.1,7.9,18.2,0.434,1.5,4.3,0.33899999999999997,6.4,13.8,0.46299999999999997,0.474,4.6,5.6,0.8290000000000001,1.4,6.4,7.7,4.2,0.9,0.5,2.4,2.5,21.8
PF,25,37,22,14.8,2.4,5.5,0.439,0.4,1.5,0.281,2.0,4.0,0.5,0.478,0.9,1.4,0.642,1.0,1.9,2.9,1.1,0.5,0.1,1.2,1.9,6.2
PF,30,79,1,21.3,4.2,9.8,0.42700000000000005,2.3,5.8,0.39299999999999996,1.9,4.0,0.47600000000000003,0.544,1.5,2.0,0.774,0.7,3.1,3.8,1.1,0.4,0.3,1.1,2.0,12.2
PF,21,81,60,28.2,4.4,10.3,0.429,0.1,0.4,0.278,4.3,9.9,0.436,0.435,2.4,3.3,0.715,2.1,8.1,10.2,1.8,0.7,0.4,1.8,3.0,11.3
PF,24,1,0,6.0,2.0,2.0,1.0,0.0,0.0,0.0,2.0,2.0,1.0,1.0,0.0,0.0,0.0,1.0,0.0,1.0,0.0,0.0,0.0,0.0,1.0,4.0
C,26,82,39,27.1,3.8,7.1,0.532,0.1,0.2,0.3,3.7,6.8,0.54,0.537,2.5,3.0,0.8270000000000001,1.9,5.2,7.1,1.7,1.1,1.2,1.7,2.7,10.1
SF,20,6,1,7.2,0.2,2.0,0.083,0.2,1.2,0.14300000000000002,0.0,0.8,0.0,0.125,0.0,0.0,0.0,0.2,0.2,0.3,0.2,0.3,0.2,0.7,0.3,0.5
C,33,53,0,9.4,1.0,2.3,0.42700000000000005,0.0,0.0,0.0,1.0,2.3,0.431,0.42700000000000005,0.6,0.9,0.64,0.7,2.0,2.7,0.7,0.3,0.2,0.4,1.3,2.6
C,30,46,0,13.8,2.8,6.1,0.455,0.1,0.3,0.188,2.7,5.7,0.47100000000000003,0.461,1.0,1.2,0.825,0.6,1.5,2.1,0.4,0.1,0.2,0.6,1.3,6.6
PG,31,2,1,11.5,0.0,0.5,0.0,0.0,0.5,0.0,0.0,0.0,0.0,0.0,0.0,0.0,0.0,0.0,0.0,0.0,2.0,0.5,0.0,0.0,2.5,0.0
PF,24,36,0,13.1,1.5,4.1,0.369,0.1,1.0,0.135,1.4,3.1,0.446,0.386,1.0,1.5,0.685,0.6,2.8,3.4,0.6,0.4,0.3,0.5,1.1,4.2
SG,23,36,5,24.0,3.3,6.8,0.486,0.8,2.0,0.38,2.5,4.8,0.529,0.541,1.4,1.8,0.797,0.8,2.3,3.0,2.2,0.7,0.4,1.3,1.8,8.7
SF,24,64,33,20.3,2.0,5.3,0.37200000000000005,0.9,2.4,0.361,1.1,2.9,0.38,0.45399999999999996,0.5,0.5,0.909,0.3,2.8,3.1,1.0,0.3,0.3,0.8,1.6,5.3
PG,30,51,0,9.2,1.5,3.2,0.44799999999999995,0.3,0.8,0.35700000000000004,1.2,2.4,0.48,0.494,0.8,0.9,0.894,0.1,0.7,0.8,1.1,0.2,0.0,0.5,0.7,4.0
PG,27,79,79,34.2,10.2,20.2,0.504,5.1,11.2,0.45399999999999996,5.1,9.0,0.5660000000000001,0.63,4.6,5.1,0.9079999999999999,0.9,4.6,5.4,6.7,2.1,0.2,3.3,2.0,30.1
SF,30,82,80,31.0,2.9,7.1,0.41100000000000003,0.8,2.5,0.33,2.1,4.6,0.455,0.469,1.3,1.7,0.746,2.0,4.2,6.2,2.2,1.3,0.2,1.4,2.5,8.0
SF,22,45,4,11.3,1.4,3.4,0.43,0.3,0.8,0.37799999999999995,1.1,2.5,0.447,0.47700000000000004,0.6,0.9,0.6920000000000001,0.3,1.2,1.5,0.6,0.4,0.2,0.4,0.5,3.8
SG,26,51,15,14.1,1.3,3.5,0.376,0.5,1.7,0.267,0.9,1.8,0.478,0.441,0.4,0.6,0.759,0.3,1.4,1.7,0.8,0.4,0.3,0.8,1.1,3.5
PF,26,79,0,25.6,2.6,6.2,0.414,1.3,3.7,0.36200000000000004,1.2,2.5,0.49,0.521,0.4,0.4,0.853,1.0,3.4,4.3,1.2,0.7,0.4,0.8,1.6,6.9
PF,27,66,7,30.4,6.0,14.1,0.42700000000000005,2.0,5.4,0.366,4.0,8.7,0.466,0.498,3.0,3.5,0.873,2.0,4.0,6.0,1.1,0.6,0.4,1.4,1.7,17.0
SG,28,79,79,26.1,2.7,7.1,0.376,1.5,4.4,0.332,1.2,2.7,0.44799999999999995,0.48,0.4,0.6,0.7390000000000001,0.6,3.2,3.8,1.8,1.0,0.8,0.9,1.8,7.2
SF,21,3,0,2.0,0.0,0.0,0.0,0.0,0.0,0.0,0.0,0.0,0.0,0.0,0.0,0.0,0.0,0.0,0.3,0.3,0.0,0.3,0.0,0.0,0.0,0.0
PG,28,74,15,30.0,5.1,10.5,0.486,1.2,2.9,0.401,3.9,7.6,0.519,0.542,2.6,3.1,0.858,0.4,1.9,2.3,4.3,1.0,0.1,1.8,1.9,14.0
C,30,71,71,32.1,5.2,8.5,0.62,0.0,0.1,0.0,5.2,8.4,0.626,0.62,3.3,6.7,0.489,3.4,8.4,11.8,1.4,1.0,1.6,2.3,3.1,13.7
SF,27,66,2,14.1,1.6,3.6,0.435,0.4,1.3,0.27899999999999997,1.2,2.3,0.523,0.485,0.6,0.8,0.696,0.7,1.6,2.3,1.0,0.5,0.2,0.7,0.9,4.1
PF,23,41,1,6.4,1.1,2.0,0.536,0.0,0.0,0.5,1.1,2.0,0.537,0.542,0.6,1.2,0.531,0.7,0.7,1.4,0.4,0.2,0.2,0.4,1.0,2.9
PF,26,5,0,7.0,0.8,2.0,0.4,0.8,1.8,0.444,0.0,0.2,0.0,0.6,0.2,0.4,0.5,0.0,0.2,0.2,0.0,0.2,0.0,0.4,0.6,2.6
PF,30,81,81,32.7,6.2,13.2,0.47,0.9,2.9,0.319,5.3,10.3,0.512,0.505,3.8,5.0,0.757,2.4,6.6,9.0,3.3,1.8,1.7,2.4,2.9,17.1
PG,34,72,72,28.1,2.9,6.3,0.45899999999999996,1.2,2.8,0.414,1.7,3.5,0.496,0.552,0.6,0.7,0.875,0.3,2.9,3.2,4.2,0.9,0.1,1.2,1.9,7.6
PG,29,12,10,24.3,3.5,8.3,0.42,1.3,3.8,0.35600000000000004,2.2,4.6,0.473,0.5,0.8,0.8,1.0,0.3,1.8,2.1,3.1,1.3,0.2,1.5,1.8,9.2
C,22,81,81,32.9,6.8,13.1,0.521,0.0,0.1,0.33299999999999996,6.8,13.0,0.522,0.522,2.6,7.2,0.355,4.9,9.9,14.8,0.8,1.5,1.4,1.9,3.0,16.2
PF,25,39,2,10.9,1.9,3.4,0.5710000000000001,0.0,0.0,0.0,1.9,3.4,0.5710000000000001,0.5710000000000001,0.8,1.4,0.545,1.3,1.9,3.1,0.3,0.2,0.8,0.4,1.2,4.7
SF,29,80,41,28.2,4.4,10.3,0.43,0.8,2.7,0.315,3.6,7.6,0.47,0.47,2.1,2.8,0.745,0.9,3.2,4.2,1.7,0.7,0.5,1.2,2.1,11.7
PG,23,7,4,24.1,2.0,5.6,0.359,0.0,0.7,0.0,2.0,4.9,0.41200000000000003,0.359,0.4,0.6,0.75,1.1,2.4,3.6,3.0,1.3,0.4,1.3,1.7,4.4
PF,23,10,0,6.8,1.0,2.4,0.41700000000000004,0.0,0.0,0.0,1.0,2.4,0.41700000000000004,0.41700000000000004,0.9,1.4,0.643,1.4,2.4,3.8,0.5,0.4,0.5,0.6,1.5,2.9
SG,30,71,57,33.4,5.0,11.3,0.44299999999999995,1.3,3.4,0.382,3.7,7.9,0.469,0.5,1.5,1.8,0.84,0.3,3.4,3.7,2.0,0.4,0.1,1.2,2.0,12.8
SG,24,5,0,3.0,0.2,0.8,0.25,0.2,0.8,0.25,0.0,0.0,0.0,0.375,0.0,0.0,0.0,0.0,0.6,0.6,0.4,0.0,0.0,0.2,0.2,0.6
SF,23,29,11,20.7,1.3,4.3,0.31,0.7,2.4,0.28600000000000003,0.7,1.9,0.33899999999999997,0.389,0.6,0.7,0.85,0.3,2.1,2.4,0.7,0.5,0.2,0.5,1.2,4.0
PF,25,18,0,10.7,1.0,1.8,0.563,0.0,0.0,0.0,1.0,1.8,0.563,0.563,0.4,0.9,0.41200000000000003,0.7,1.7,2.3,0.3,0.2,0.1,0.4,1.6,2.4
PG,29,23,0,20.0,2.0,6.0,0.326,0.8,3.2,0.247,1.2,2.8,0.415,0.391,1.0,1.1,0.846,0.2,1.8,2.0,4.0,0.4,0.0,1.7,1.8,5.7
PG,27,77,53,29.1,5.2,12.6,0.41100000000000003,0.7,2.2,0.32899999999999996,4.4,10.4,0.428,0.44,1.6,2.3,0.693,0.6,3.4,4.0,6.5,1.1,0.3,2.3,1.7,12.6
SF,24,59,3,14.7,1.6,3.5,0.447,0.4,1.3,0.324,1.2,2.3,0.515,0.505,0.6,0.7,0.857,0.7,2.2,2.8,1.0,0.6,0.2,0.6,1.2,4.2
SF,35,77,44,19.0,1.3,3.0,0.445,0.1,0.3,0.174,1.3,2.7,0.47600000000000003,0.45399999999999996,0.2,0.2,0.684,0.4,1.5,1.9,0.9,0.5,0.2,0.4,0.8,2.9
SF,38,68,38,18.1,2.1,5.8,0.363,1.1,3.6,0.31,1.0,2.3,0.445,0.457,0.8,1.0,0.818,0.2,2.6,2.7,1.0,0.5,0.3,0.9,1.9,6.1
C,26,25,1,12.8,1.2,3.0,0.413,0.0,0.0,0.0,1.2,3.0,0.413,0.413,1.0,1.5,0.6579999999999999,1.3,1.6,2.9,0.6,0.2,0.4,0.5,1.7,3.5
PF,31,62,4,10.7,2.0,5.3,0.382,0.8,2.8,0.273,1.3,2.5,0.503,0.45399999999999996,0.4,0.4,0.917,0.4,2.1,2.5,0.4,0.3,0.2,0.5,1.1,5.1
PF,26,35,35,33.4,8.6,17.2,0.499,0.2,0.5,0.33299999999999996,8.4,16.7,0.504,0.504,4.0,5.5,0.727,1.5,6.9,8.4,4.9,0.8,0.5,2.4,2.7,21.4
PG,39,39,4,11.8,1.5,2.7,0.557,0.1,0.2,0.25,1.5,2.5,0.5820000000000001,0.5660000000000001,0.6,0.8,0.75,0.3,1.0,1.3,2.2,0.4,0.0,0.9,1.2,3.7
PG,27,81,3,20.5,3.2,7.6,0.425,1.5,4.0,0.384,1.7,3.6,0.469,0.525,0.6,0.7,0.81,0.3,1.6,2.0,2.8,0.7,0.1,0.9,1.3,8.5
PG,25,52,27,20.3,3.5,8.0,0.439,0.8,2.4,0.312,2.8,5.6,0.493,0.486,0.9,1.2,0.738,0.3,2.2,2.5,3.6,0.7,0.1,1.8,1.4,8.6
PG,25,81,81,35.6,7.0,16.4,0.42700000000000005,2.2,6.0,0.371,4.8,10.4,0.45899999999999996,0.495,4.6,5.4,0.847,0.7,3.7,4.4,5.2,1.6,0.5,2.1,1.4,20.9
SG,23,14,11,19.9,2.0,4.9,0.406,0.9,2.3,0.375,1.1,2.6,0.43200000000000005,0.493,0.8,1.5,0.524,0.6,2.9,3.4,1.1,0.7,0.1,0.8,1.2,5.6
C,20,80,55,21.7,3.8,7.5,0.512,0.4,1.1,0.33299999999999996,3.5,6.5,0.541,0.535,1.9,2.4,0.8109999999999999,2.3,4.7,7.0,2.4,1.0,0.6,1.3,2.6,10.0
C,23,73,60,24.3,3.2,6.0,0.529,0.0,0.1,0.1,3.2,5.8,0.539,0.53,2.4,3.2,0.754,1.9,4.3,6.2,1.0,0.8,0.9,0.9,2.8,8.7
C,22,7,0,2.6,0.4,0.7,0.6,0.0,0.0,0.0,0.4,0.7,0.6,0.6,0.1,0.3,0.5,0.1,0.4,0.6,0.1,0.1,0.0,0.0,0.1,1.0
SF,20,81,81,35.1,7.3,16.0,0.45899999999999996,0.7,2.3,0.3,6.6,13.6,0.486,0.48100000000000004,5.3,7.0,0.7609999999999999,1.3,2.3,3.6,2.0,1.0,0.6,2.2,2.0,20.7
SF,25,73,73,31.6,4.9,11.1,0.44299999999999995,1.7,5.0,0.336,3.3,6.2,0.529,0.518,2.7,3.3,0.82,1.0,4.2,5.1,1.8,1.7,0.5,1.1,2.7,14.2
PG,21,80,79,35.3,6.4,12.7,0.506,0.4,1.4,0.257,6.1,11.3,0.537,0.52,3.7,5.1,0.7240000000000001,1.4,6.2,7.7,4.3,1.2,1.4,2.6,3.2,16.9
SG,31,61,25,14.9,1.7,4.5,0.38299999999999995,0.9,2.3,0.364,0.9,2.2,0.40299999999999997,0.47700000000000004,0.5,0.6,0.821,0.4,2.0,2.4,1.4,0.6,0.1,0.7,1.4,4.9
SF,29,70,70,34.0,6.7,14.4,0.46299999999999997,1.1,3.1,0.344,5.6,11.3,0.495,0.5,2.8,3.6,0.78,1.5,5.0,6.5,1.7,1.4,0.7,2.0,2.6,17.2
SF,27,69,21,27.2,4.3,9.0,0.48100000000000004,1.6,4.0,0.409,2.7,5.0,0.537,0.5710000000000001,1.5,2.3,0.648,0.8,5.1,5.9,1.4,0.8,0.2,1.4,2.2,11.8
C,29,81,1,15.2,2.4,4.7,0.505,0.0,0.0,0.0,2.4,4.7,0.508,0.505,1.6,2.0,0.764,1.7,3.0,4.7,0.6,0.3,0.6,0.8,1.9,6.3
PF,20,76,72,31.7,5.8,11.8,0.493,0.1,0.5,0.257,5.7,11.4,0.502,0.498,2.3,3.0,0.768,1.6,3.6,5.2,1.7,0.9,0.4,1.5,2.0,14.1
SG,29,68,7,24.6,3.6,9.3,0.386,1.3,4.4,0.306,2.3,5.0,0.456,0.457,1.7,2.0,0.833,0.1,1.6,1.7,1.9,0.5,0.0,1.2,1.3,10.2
PG,22,8,3,18.0,2.8,8.1,0.33799999999999997,0.4,2.1,0.17600000000000002,2.4,6.0,0.396,0.36200000000000004,2.5,4.6,0.541,0.3,2.4,2.6,2.5,0.4,0.0,3.6,1.4,8.4
PG,29,77,77,37.0,6.6,15.6,0.42700000000000005,2.8,7.1,0.38799999999999996,3.9,8.5,0.461,0.516,5.2,6.4,0.8109999999999999,0.7,4.0,4.7,6.4,2.1,0.4,2.9,2.7,21.2
PF,23,76,74,33.1,5.5,11.7,0.469,1.1,3.1,0.335,4.4,8.6,0.518,0.514,2.7,3.2,0.831,1.3,5.4,6.7,2.2,0.9,0.5,1.4,2.0,14.7
PF,24,50,11,20.9,3.3,7.3,0.452,0.5,1.6,0.316,2.8,5.8,0.49,0.486,1.5,2.3,0.664,1.2,3.0,4.2,0.8,0.5,0.8,1.0,1.7,8.7
PG,26,5,0,9.0,0.4,2.0,0.2,0.2,0.8,0.25,0.2,1.2,0.16699999999999998,0.25,0.6,0.8,0.75,0.2,0.6,0.8,0.8,0.0,0.0,0.2,0.4,1.6
PG,31,80,31,27.4,3.5,8.5,0.406,0.8,2.7,0.282,2.7,5.9,0.46299999999999997,0.45,1.9,2.2,0.847,0.5,2.8,3.2,3.6,0.9,0.2,1.5,1.8,9.5
SF,28,81,2,15.3,1.5,3.6,0.426,1.0,2.6,0.386,0.5,1.0,0.531,0.565,0.2,0.2,0.722,0.2,1.6,1.9,1.2,0.7,0.0,0.8,1.2,4.2
SF,23,2,0,3.0,0.0,0.5,0.0,0.0,0.0,0.0,0.0,0.5,0.0,0.0,0.0,0.0,0.0,0.0,0.5,0.5,0.0,0.5,0.0,0.0,0.5,0.0
SF,25,70,2,12.2,1.0,2.8,0.371,0.4,1.4,0.273,0.6,1.4,0.474,0.441,0.5,0.6,0.81,0.4,1.5,1.9,0.6,0.5,0.3,0.6,1.4,2.9
SG,21,76,76,32.1,4.7,10.1,0.469,1.4,3.9,0.354,3.3,6.2,0.5429999999999999,0.5379999999999999,1.4,1.8,0.82,0.7,2.2,2.9,1.9,1.3,0.2,1.3,1.9,12.3
C,28,72,0,11.6,2.7,6.3,0.43200000000000005,0.3,0.9,0.387,2.4,5.5,0.439,0.45799999999999996,1.3,1.6,0.825,1.1,2.3,3.3,0.8,0.3,0.5,0.9,1.6,7.1
SF,28,80,46,24.6,2.3,5.2,0.451,0.7,2.2,0.316,1.6,3.0,0.55,0.518,0.7,1.0,0.695,0.7,2.2,3.0,1.0,0.5,0.4,0.5,2.2,6.1
PG,19,68,66,30.4,4.8,13.3,0.364,1.1,3.4,0.319,3.8,9.9,0.379,0.40399999999999997,2.1,3.1,0.67,0.5,2.9,3.4,5.5,1.0,0.5,3.2,2.1,12.8
PG,23,76,6,16.6,2.0,5.1,0.39399999999999996,0.3,1.3,0.22,1.7,3.8,0.45399999999999996,0.42200000000000004,1.3,1.6,0.78,0.3,1.6,1.9,2.3,0.7,0.1,1.1,1.3,5.6
PG,23,78,17,22.4,2.8,6.4,0.442,0.5,1.4,0.361,2.3,5.1,0.46399999999999997,0.48100000000000004,1.1,1.4,0.7759999999999999,0.4,1.9,2.3,4.4,1.2,0.2,1.9,1.6,7.3
PF,20,78,56,15.1,1.5,3.6,0.42100000000000004,0.1,0.6,0.239,1.4,3.0,0.457,0.441,0.5,0.7,0.745,1.2,2.7,3.9,0.4,0.3,0.3,0.6,1.9,3.6
C,26,12,0,6.8,0.9,2.1,0.44,0.0,0.2,0.0,0.9,1.9,0.478,0.44,0.2,0.2,1.0,0.5,0.8,1.3,0.2,0.1,0.2,0.7,1.6,2.0
PF,26,79,28,20.2,2.4,4.7,0.516,0.0,0.0,0.0,2.4,4.7,0.516,0.516,0.6,0.9,0.63,2.1,3.3,5.4,1.0,0.3,0.5,0.9,1.9,5.4
PF,28,8,0,9.1,1.1,3.4,0.33299999999999996,0.0,0.0,0.0,1.1,3.4,0.33299999999999996,0.33299999999999996,0.5,1.5,0.33299999999999996,2.4,1.1,3.5,0.3,0.1,0.6,0.0,1.5,2.8
PF,28,74,56,25.4,3.8,8.9,0.424,1.3,3.5,0.371,2.5,5.4,0.45799999999999996,0.496,1.5,2.1,0.721,1.9,3.5,5.4,0.9,0.7,0.4,1.0,2.3,10.4
C,25,51,10,12.9,1.7,3.2,0.537,0.0,0.0,0.0,1.7,3.1,0.544,0.537,0.8,1.2,0.7290000000000001,1.1,2.3,3.4,0.4,0.4,1.0,0.5,1.5,4.3
SF,24,1,0,24.0,2.0,10.0,0.2,2.0,5.0,0.4,0.0,5.0,0.0,0.3,0.0,0.0,0.0,2.0,2.0,4.0,1.0,1.0,0.0,0.0,2.0,6.0
PF,32,10,0,4.4,0.8,1.8,0.444,0.7,1.5,0.467,0.1,0.3,0.33299999999999996,0.639,0.1,0.1,1.0,0.0,0.5,0.5,0.0,0.0,0.0,0.1,0.3,2.4
SG,23,79,79,32.2,5.2,12.3,0.42,2.0,5.7,0.359,3.1,6.6,0.47200000000000003,0.503,2.2,2.5,0.86,0.5,2.9,3.4,2.7,0.9,0.2,1.6,2.6,14.5
PG,27,45,23,26.6,4.4,10.8,0.405,0.7,2.3,0.324,3.6,8.5,0.42700000000000005,0.439,1.2,1.4,0.8,0.2,3.1,3.4,3.7,0.8,0.1,1.7,2.3,10.6
PF,27,70,16,21.7,3.2,7.0,0.452,0.6,1.7,0.385,2.5,5.3,0.473,0.498,0.6,0.8,0.755,1.2,3.0,4.2,1.4,0.8,0.7,0.9,2.6,7.5
PF,25,81,81,34.7,5.0,10.1,0.49,1.2,3.2,0.38799999999999996,3.7,6.9,0.537,0.551,2.8,4.1,0.696,1.7,7.8,9.5,7.4,1.5,1.4,3.2,3.0,14.0
SG,39,60,3,16.8,2.2,5.7,0.38799999999999996,1.0,2.8,0.349,1.2,2.9,0.425,0.474,1.2,1.4,0.833,0.5,1.9,2.4,0.9,0.6,0.3,0.6,1.7,6.6
SG,23,79,79,32.3,6.0,13.9,0.433,1.4,4.1,0.34700000000000003,4.6,9.8,0.46799999999999997,0.483,2.1,2.6,0.804,1.2,2.8,4.0,2.4,1.1,0.1,1.7,2.1,15.5
PF,24,82,34,27.7,3.0,5.1,0.588,0.0,0.0,0.0,3.0,5.1,0.588,0.588,1.8,3.0,0.616,3.3,5.7,9.0,0.8,0.5,0.6,0.7,2.5,7.8
PF,26,67,27,18.7,3.3,7.0,0.48100000000000004,0.6,1.6,0.382,2.7,5.3,0.511,0.526,1.1,1.5,0.762,1.1,4.4,5.6,1.1,0.6,0.4,1.1,1.9,8.5
SG,26,78,78,35.9,7.9,17.7,0.446,0.6,1.8,0.33799999999999997,7.3,15.9,0.45799999999999996,0.46299999999999997,7.1,8.4,0.85,0.8,3.7,4.5,4.0,1.0,0.3,2.2,2.1,23.5
SG,25,54,5,24.4,2.1,5.6,0.374,0.8,2.7,0.295,1.3,2.9,0.447,0.444,0.7,0.9,0.784,0.6,3.2,3.8,1.7,1.0,0.4,1.1,2.2,5.8
SG,35,79,5,26.9,4.8,11.9,0.40399999999999997,1.5,4.4,0.34,3.3,7.5,0.44,0.466,3.1,3.4,0.904,0.3,1.6,1.8,2.3,0.7,0.2,1.4,1.5,14.2
PG,29,74,73,34.1,4.4,10.0,0.441,1.7,4.2,0.408,2.7,5.7,0.466,0.528,1.5,2.0,0.76,0.8,3.2,4.0,3.5,1.1,0.2,1.4,2.0,12.1
C,35,30,2,6.9,1.0,1.9,0.509,0.5,1.1,0.441,0.5,0.8,0.609,0.64,0.1,0.1,0.75,0.1,0.8,0.9,0.3,0.2,0.0,0.1,0.5,2.5
SF,25,80,80,36.2,6.5,15.0,0.433,1.8,5.1,0.349,4.7,9.9,0.47700000000000004,0.493,4.9,6.0,0.8240000000000001,0.8,4.2,5.0,3.7,1.2,0.3,2.5,2.3,19.7
PF,22,51,1,13.8,2.2,4.4,0.514,0.2,0.9,0.182,2.1,3.5,0.596,0.532,1.0,1.5,0.6890000000000001,1.2,1.4,2.6,0.6,0.4,0.8,0.6,1.8,5.6
SF,34,81,81,33.4,4.7,10.6,0.439,1.5,3.9,0.38299999999999995,3.2,6.7,0.47100000000000003,0.509,1.5,1.8,0.831,0.6,3.0,3.6,3.9,0.8,0.0,2.0,1.8,12.2
SF,25,67,49,28.4,4.1,10.6,0.385,2.5,7.2,0.353,1.6,3.4,0.452,0.504,2.1,2.6,0.7909999999999999,1.0,5.3,6.3,1.4,1.6,0.6,2.1,3.5,12.8
C,21,77,35,19.1,3.0,5.2,0.5820000000000001,0.0,0.0,0.0,3.0,5.1,0.583,0.5820000000000001,1.0,2.7,0.379,2.5,3.9,6.4,0.6,0.8,1.2,0.8,2.5,7.0
PG,27,8,0,6.3,1.1,2.5,0.45,0.1,1.1,0.111,1.0,1.4,0.727,0.475,0.4,0.5,0.75,0.1,0.1,0.3,0.5,0.8,0.3,0.9,0.5,2.8
C,29,71,71,25.6,3.7,6.3,0.589,0.0,0.0,0.0,3.7,6.3,0.589,0.589,1.9,3.2,0.5870000000000001,1.9,5.2,7.1,1.5,0.9,1.1,1.4,3.1,9.3
SF,29,26,22,30.2,4.0,10.4,0.389,1.8,4.5,0.39,2.3,5.8,0.38799999999999996,0.474,1.2,1.9,0.6,1.2,3.5,4.7,1.0,1.7,0.2,1.1,2.4,11.0
C,38,5,0,3.8,0.6,1.0,0.6,0.0,0.0,0.0,0.6,1.0,0.6,0.6,0.4,0.4,1.0,0.2,0.6,0.8,0.0,0.0,0.0,0.6,0.8,1.6
SG,23,81,8,26.0,3.8,8.4,0.45899999999999996,1.4,3.5,0.39299999999999996,2.5,4.9,0.506,0.541,1.2,1.4,0.867,0.3,2.3,2.7,1.2,0.8,0.2,0.8,2.4,10.3
SG,28,72,0,19.9,3.2,7.3,0.439,0.7,1.9,0.353,2.6,5.5,0.46799999999999997,0.484,1.6,2.0,0.767,0.4,2.5,2.9,1.0,0.5,0.3,0.9,1.2,8.7
PF,35,59,4,11.8,0.8,1.8,0.45899999999999996,0.0,0.0,0.0,0.8,1.8,0.467,0.45899999999999996,0.4,0.6,0.6970000000000001,1.2,1.7,2.9,0.9,0.3,0.3,0.8,1.8,2.1
SG,19,76,51,27.7,4.8,11.4,0.423,1.3,3.8,0.34299999999999997,3.5,7.6,0.46399999999999997,0.48,2.8,3.4,0.84,0.4,2.1,2.5,2.6,0.6,0.3,2.1,3.0,13.8
SF,27,72,72,35.8,9.7,19.2,0.505,2.6,6.7,0.387,7.1,12.5,0.569,0.573,6.2,6.9,0.898,0.6,7.6,8.2,5.0,1.0,1.2,3.5,1.9,28.2
PF,22,19,0,4.4,0.4,1.4,0.29600000000000004,0.2,0.7,0.214,0.3,0.7,0.385,0.35200000000000004,0.5,0.5,0.9,0.3,0.9,1.2,0.0,0.3,0.0,0.2,0.4,1.5
PG,28,62,0,19.0,2.4,5.6,0.423,1.1,2.7,0.405,1.3,2.9,0.44,0.52,1.7,2.1,0.805,0.1,1.4,1.5,3.2,0.6,0.1,1.4,1.4,7.5
SF,35,76,45,28.8,3.5,9.1,0.381,1.6,4.9,0.322,1.9,4.3,0.449,0.467,1.5,1.8,0.804,1.1,4.4,5.5,2.1,1.0,0.8,1.6,3.1,10.0
SF,24,73,7,23.9,3.7,8.6,0.431,1.8,4.6,0.386,1.9,3.9,0.484,0.536,0.7,0.8,0.79,0.3,2.2,2.5,0.8,0.7,0.3,0.6,1.6,9.9
C,20,82,82,32.0,7.6,14.1,0.542,0.4,1.1,0.341,7.3,13.0,0.5589999999999999,0.555,2.7,3.4,0.8109999999999999,2.8,7.7,10.5,2.0,0.7,1.7,2.2,3.0,18.3
PF,30,55,7,16.0,2.3,6.3,0.364,0.7,2.6,0.287,1.6,3.7,0.41700000000000004,0.423,0.7,1.2,0.552,0.9,2.6,3.5,1.6,0.6,0.9,1.4,2.1,6.0
C,31,76,69,26.4,2.9,6.2,0.466,0.0,0.0,0.0,2.9,6.1,0.469,0.466,2.8,3.6,0.768,3.3,6.2,9.4,1.7,0.8,0.3,1.6,2.4,8.6
C,23,11,0,6.6,1.0,1.7,0.579,0.0,0.0,0.0,1.0,1.7,0.579,0.579,0.3,0.7,0.375,0.6,1.3,1.9,0.3,0.1,0.5,0.5,0.7,2.3
C,22,66,39,21.4,2.9,5.1,0.563,0.0,0.0,0.0,2.9,5.1,0.5670000000000001,0.563,1.2,1.9,0.648,2.0,3.3,5.3,0.6,0.7,1.0,0.7,2.2,7.0
PF,26,67,64,25.3,5.2,9.3,0.5579999999999999,0.0,0.0,0.5,5.2,9.3,0.5579999999999999,0.5579999999999999,2.0,3.3,0.613,3.5,5.2,8.7,1.2,0.5,0.9,1.4,2.5,12.5
SF,23,21,0,14.5,1.2,3.3,0.35700000000000004,0.6,1.9,0.325,0.6,1.4,0.4,0.45,0.6,0.8,0.765,0.4,1.1,1.5,0.7,0.3,0.3,0.3,1.9,3.6
PG,25,76,14,24.6,2.7,6.7,0.405,1.3,3.1,0.41,1.4,3.6,0.401,0.501,0.8,0.9,0.8640000000000001,0.4,1.7,2.1,4.4,0.6,0.1,1.5,2.3,7.5
SF,31,75,11,23.4,2.5,5.0,0.505,0.6,1.7,0.33899999999999997,1.9,3.3,0.589,0.562,0.8,1.3,0.626,0.7,3.8,4.5,1.4,1.1,0.5,0.9,1.5,6.4
SF,22,75,73,30.3,4.5,9.6,0.473,1.3,3.6,0.36700000000000005,3.2,6.0,0.536,0.541,1.3,1.7,0.754,1.3,3.9,5.2,1.6,1.4,0.4,0.9,2.2,11.6
PF,20,17,0,8.5,1.3,3.1,0.415,0.2,0.6,0.364,1.1,2.5,0.429,0.45299999999999996,0.8,1.2,0.619,0.8,1.5,2.2,0.2,0.3,0.4,0.1,0.6,3.6
PF,20,78,37,23.9,3.5,7.4,0.473,0.5,1.8,0.29600000000000004,3.0,5.6,0.531,0.509,1.7,2.5,0.6679999999999999,2.0,4.5,6.5,1.6,0.8,0.7,0.8,2.0,9.2
PG,24,30,6,13.3,1.4,3.9,0.364,0.5,1.6,0.327,0.9,2.3,0.391,0.43200000000000005,0.3,0.4,0.6920000000000001,0.1,0.9,0.9,2.4,0.5,0.1,1.4,1.0,3.7
SG,26,82,82,38.1,8.7,19.7,0.439,2.9,8.0,0.359,5.8,11.7,0.494,0.512,8.8,10.2,0.86,0.8,5.3,6.1,7.5,1.7,0.6,4.6,2.8,29.0
SF,36,35,5,16.9,1.6,5.1,0.311,0.7,2.4,0.31,0.8,2.7,0.312,0.384,1.1,1.6,0.7020000000000001,0.5,2.0,2.5,0.8,0.6,0.3,0.4,1.9,5.0
SG,24,31,3,25.7,4.4,10.8,0.41,1.0,2.5,0.405,3.4,8.2,0.41200000000000003,0.45799999999999996,3.4,4.5,0.752,0.5,3.0,3.5,2.0,0.6,0.1,1.6,2.3,13.3
C,26,60,3,11.8,2.3,4.8,0.47600000000000003,0.0,0.0,0.0,2.3,4.8,0.47600000000000003,0.47600000000000003,1.5,1.8,0.815,1.0,1.9,3.0,0.5,0.2,0.4,0.8,1.6,6.1
SG,28,61,8,18.2,3.5,8.9,0.39899999999999997,1.5,4.4,0.337,2.0,4.5,0.46,0.48200000000000004,1.1,1.3,0.848,0.6,1.8,2.5,1.4,0.8,0.1,0.8,1.5,9.7
SF,35,48,0,9.6,1.2,3.0,0.408,0.9,2.2,0.39399999999999996,0.4,0.8,0.447,0.5529999999999999,0.4,0.5,0.8079999999999999,0.2,0.9,1.0,0.3,0.2,0.2,0.3,1.0,3.7
SG,32,55,13,19.9,2.8,7.6,0.37200000000000005,0.9,2.5,0.36,1.9,5.1,0.37799999999999995,0.431,2.8,3.1,0.89,0.3,1.7,2.0,1.1,0.5,0.1,1.0,1.5,9.3
SF,23,2,0,3.0,1.5,2.0,0.75,0.0,0.5,0.0,1.5,1.5,1.0,0.75,0.0,0.0,0.0,0.0,0.5,0.5,0.0,0.0,0.0,0.0,1.0,3.0
C,27,73,73,33.7,8.1,15.8,0.511,0.0,0.2,0.14300000000000002,8.1,15.7,0.515,0.512,4.3,5.5,0.787,2.8,5.1,7.8,2.0,0.8,1.7,2.4,2.9,20.6
PG,29,58,1,22.0,3.2,7.6,0.413,0.3,1.4,0.24100000000000002,2.8,6.2,0.45299999999999996,0.436,2.3,2.7,0.8290000000000001,0.3,2.4,2.7,2.4,0.7,0.1,1.3,1.3,8.9
PF,29,81,81,28.9,4.2,9.2,0.452,1.9,4.7,0.402,2.3,4.6,0.504,0.5539999999999999,1.5,1.8,0.833,1.6,4.9,6.4,1.4,0.7,1.0,0.8,1.6,11.7
PF,32,70,32,17.1,2.2,5.0,0.43799999999999994,1.3,3.4,0.387,0.9,1.6,0.545,0.569,0.4,0.5,0.857,0.5,2.8,3.3,1.0,0.4,0.4,0.6,1.8,6.1
PG,26,31,31,34.2,7.2,15.9,0.45299999999999996,1.5,4.2,0.37200000000000005,5.6,11.7,0.48200000000000004,0.502,4.5,5.5,0.802,0.6,3.5,4.0,6.1,2.0,0.6,3.5,2.4,20.4
PF,26,64,45,25.5,4.8,11.2,0.425,0.7,2.4,0.303,4.0,8.8,0.45799999999999996,0.45799999999999996,1.7,2.3,0.735,1.1,4.4,5.5,1.9,0.9,0.5,2.1,2.9,12.0
PG,24,15,0,4.4,0.5,1.5,0.318,0.1,0.3,0.2,0.4,1.1,0.353,0.341,0.5,0.9,0.615,0.1,0.5,0.6,0.7,0.3,0.1,0.5,0.3,1.5
PG,33,39,15,26.6,2.9,7.9,0.368,1.1,3.7,0.299,1.8,4.2,0.429,0.43799999999999994,0.8,0.9,0.857,0.5,2.5,2.9,4.9,0.6,0.1,1.7,2.6,7.7
SG,34,64,57,25.3,3.4,7.3,0.45799999999999996,0.2,0.7,0.35700000000000004,3.1,6.7,0.46799999999999997,0.474,1.4,2.2,0.652,1.6,3.0,4.6,1.1,1.7,0.3,1.2,2.7,8.4
SG,19,70,6,14.3,1.2,3.8,0.305,0.6,2.1,0.293,0.5,1.7,0.319,0.385,0.2,0.2,0.8,0.2,1.1,1.3,0.6,0.4,0.2,0.4,1.0,3.1
SG,30,68,6,13.6,2.0,4.9,0.408,1.2,3.0,0.387,0.8,1.9,0.442,0.527,0.4,0.6,0.7440000000000001,0.1,0.8,0.9,0.4,0.3,0.1,0.3,0.9,5.6
SG,23,67,7,21.9,3.4,7.7,0.43799999999999994,0.9,2.8,0.335,2.4,4.9,0.495,0.498,1.2,1.7,0.6809999999999999,0.3,1.6,1.9,1.5,0.7,0.1,0.9,2.0,8.9
PG,24,55,0,10.9,1.2,3.7,0.33799999999999997,0.6,1.9,0.327,0.6,1.8,0.35100000000000003,0.423,0.6,0.8,0.733,0.2,0.8,1.0,1.8,0.4,0.0,0.8,0.7,3.7
PF,28,42,1,14.2,1.3,3.5,0.37200000000000005,0.3,1.2,0.245,1.0,2.4,0.434,0.41200000000000003,0.7,1.0,0.7,0.5,2.0,2.5,1.9,0.4,0.2,0.7,1.6,3.6
PG,23,41,0,9.4,1.5,4.1,0.36700000000000005,0.2,1.1,0.217,1.3,3.0,0.423,0.396,0.5,0.6,0.8,0.1,1.1,1.2,1.6,0.4,0.0,0.8,0.7,3.8
C,22,78,46,23.3,3.4,8.0,0.423,0.0,0.1,0.14300000000000002,3.4,7.9,0.426,0.424,2.2,3.1,0.728,2.3,5.3,7.6,1.2,0.5,0.8,1.9,2.9,9.0
SG,26,55,2,14.8,2.2,4.4,0.504,0.3,0.9,0.38299999999999995,1.9,3.5,0.5329999999999999,0.541,1.3,1.7,0.75,0.3,1.5,1.7,1.1,0.4,0.1,1.0,1.9,6.0
SG,23,14,0,17.4,2.3,5.5,0.41600000000000004,0.6,1.6,0.391,1.6,3.9,0.426,0.474,0.5,1.0,0.5,0.2,2.0,2.2,1.6,0.9,0.2,1.1,1.8,5.7
PG,21,57,13,19.5,3.1,7.4,0.41700000000000004,0.4,1.7,0.23199999999999998,2.7,5.7,0.474,0.444,2.3,3.4,0.674,0.5,2.0,2.5,2.1,0.5,0.2,1.8,1.5,8.9
PG,32,32,32,32.1,4.4,11.2,0.391,1.0,3.2,0.304,3.4,8.0,0.426,0.434,3.1,3.5,0.893,0.3,4.0,4.3,7.4,1.1,0.2,2.9,2.4,12.8
PG,27,12,0,5.3,0.5,0.9,0.545,0.0,0.2,0.0,0.5,0.8,0.667,0.545,0.8,0.9,0.909,0.0,0.6,0.6,1.4,0.3,0.0,0.5,0.3,1.8
SF,24,17,2,9.1,0.7,2.4,0.3,0.2,0.9,0.267,0.5,1.5,0.32,0.35,0.2,0.2,0.75,0.2,1.3,1.5,0.4,0.1,0.2,0.5,0.9,1.8
PF,22,61,61,35.5,9.2,18.6,0.493,0.6,1.8,0.324,8.6,16.9,0.511,0.508,5.3,7.0,0.758,2.1,8.1,10.3,1.9,1.3,2.0,2.0,2.4,24.3
SF,35,31,30,22.7,2.5,6.1,0.41,1.3,3.2,0.39399999999999996,1.2,2.9,0.42700000000000005,0.513,0.9,1.2,0.784,0.3,2.4,2.7,1.3,0.5,0.3,0.8,2.1,7.2
SG,28,20,0,8.7,0.6,2.0,0.282,0.1,0.6,0.083,0.5,1.4,0.37,0.295,0.7,0.9,0.722,0.3,1.5,1.8,1.0,0.4,0.2,0.5,1.7,1.8
PF,37,75,75,31.5,6.6,14.8,0.44799999999999995,1.7,4.6,0.368,5.0,10.3,0.483,0.504,3.3,3.7,0.893,0.7,5.8,6.5,1.8,0.7,0.7,1.1,2.1,18.3
PG,22,80,6,20.3,4.1,9.8,0.42100000000000004,1.0,3.0,0.322,3.2,6.8,0.465,0.47100000000000003,1.8,2.3,0.7909999999999999,0.3,2.2,2.6,4.4,0.9,0.1,2.3,1.7,11.0
SG,22,12,0,3.5,0.4,1.6,0.263,0.1,0.8,0.111,0.3,0.8,0.4,0.289,0.3,0.3,0.75,0.0,0.3,0.3,0.1,0.0,0.0,0.3,0.1,1.2
PF,21,16,0,3.6,0.5,1.4,0.364,0.0,0.0,0.0,0.5,1.4,0.364,0.364,0.3,0.6,0.5,0.4,0.4,0.8,0.1,0.0,0.7,0.1,0.3,1.3
SF,27,20,0,18.2,5.4,10.3,0.522,0.2,0.5,0.33299999999999996,5.2,9.8,0.531,0.529,1.9,2.5,0.7759999999999999,1.5,3.5,4.9,0.8,0.6,0.5,1.2,2.0,12.8
PG,24,9,0,4.7,0.6,1.4,0.385,0.1,0.6,0.2,0.4,0.9,0.5,0.423,0.2,0.2,1.0,0.3,0.3,0.7,0.3,0.1,0.0,0.0,0.4,1.4
C,26,46,13,16.7,2.7,5.0,0.5479999999999999,0.0,0.0,0.0,2.7,5.0,0.5479999999999999,0.5479999999999999,1.5,2.9,0.53,2.0,3.6,5.6,0.7,0.4,1.1,0.8,2.0,7.0
SG,24,77,39,25.5,3.4,9.4,0.36,2.3,6.3,0.363,1.1,3.1,0.354,0.48200000000000004,1.9,2.3,0.833,0.3,2.0,2.3,1.8,0.7,0.2,1.2,1.7,11.0
SF,36,46,0,9.4,1.1,2.3,0.47100000000000003,0.3,1.1,0.306,0.7,1.2,0.618,0.5429999999999999,0.2,0.3,0.688,0.1,1.2,1.2,0.5,0.3,0.5,0.2,0.2,2.7
PF,22,66,4,13.0,1.3,3.2,0.41100000000000003,0.0,0.0,1.0,1.3,3.2,0.409,0.414,0.4,0.6,0.675,1.0,1.7,2.7,0.5,0.3,0.1,0.5,1.5,3.0
C,24,39,0,12.7,1.5,2.7,0.5479999999999999,0.0,0.0,0.0,1.5,2.7,0.5479999999999999,0.5479999999999999,0.5,1.2,0.42200000000000004,1.1,2.9,4.0,0.4,0.4,0.5,0.6,2.0,3.4
PG,26,82,79,32.2,7.2,16.9,0.428,2.0,5.7,0.359,5.2,11.2,0.462,0.488,5.8,6.6,0.871,0.6,2.4,3.0,6.2,1.1,0.1,2.7,2.0,22.2
SF,23,82,0,20.5,3.9,8.3,0.465,0.5,1.9,0.289,3.3,6.5,0.516,0.498,2.3,3.0,0.764,1.2,2.0,3.3,0.6,0.3,0.1,0.9,1.1,10.5
C,23,29,1,7.8,1.0,1.5,0.636,0.0,0.1,0.33299999999999996,0.9,1.4,0.659,0.648,0.3,0.5,0.5329999999999999,0.6,1.0,1.6,0.2,0.4,0.4,0.4,1.0,2.2
SG,24,80,80,34.8,8.0,17.9,0.44799999999999995,2.5,5.9,0.41700000000000004,5.6,12.0,0.46299999999999997,0.517,2.3,2.8,0.8270000000000001,0.6,2.7,3.2,4.3,1.2,0.3,2.5,2.3,20.8
PG,29,61,18,20.7,3.0,7.3,0.41100000000000003,1.3,3.3,0.39899999999999997,1.7,4.0,0.42100000000000004,0.502,1.4,1.6,0.848,0.4,1.9,2.3,2.6,1.1,0.1,1.0,2.1,8.7
SF,25,69,13,19.9,3.3,6.9,0.48100000000000004,0.4,1.1,0.385,2.9,5.7,0.5,0.513,1.3,1.6,0.784,0.6,2.7,3.2,1.9,0.6,0.1,1.4,2.0,8.3
C,26,29,0,7.5,1.0,2.3,0.41200000000000003,0.0,0.0,0.0,1.0,2.3,0.418,0.41200000000000003,0.2,0.4,0.385,0.7,1.3,2.0,0.4,0.3,0.1,0.5,1.8,2.1
SG,34,80,80,30.0,3.4,7.7,0.435,2.0,5.0,0.39799999999999996,1.4,2.7,0.502,0.563,0.6,0.7,0.833,0.2,3.1,3.3,2.1,0.8,0.4,1.2,2.0,9.2
SG,31,75,75,28.0,5.6,11.7,0.48,2.7,5.6,0.475,3.0,6.1,0.484,0.593,2.4,2.7,0.888,0.1,1.7,1.9,1.4,0.6,0.1,1.0,1.8,16.3
C,29,47,7,10.0,1.1,2.3,0.48100000000000004,0.1,0.3,0.33299999999999996,1.0,2.0,0.505,0.505,0.8,1.1,0.7040000000000001,0.7,2.2,2.9,0.6,0.3,0.4,0.3,1.7,3.1
SF,22,47,4,22.8,4.7,9.4,0.501,0.6,1.5,0.4,4.1,7.9,0.52,0.5329999999999999,1.0,1.4,0.703,1.2,1.9,3.1,0.9,0.8,0.3,0.7,2.0,11.0
SF,27,68,2,14.4,1.3,3.3,0.389,0.4,1.4,0.309,0.8,1.8,0.452,0.457,0.4,0.6,0.659,0.7,1.3,2.1,0.4,0.4,0.1,0.5,1.8,3.4
SG,23,28,0,8.9,0.8,2.5,0.29600000000000004,0.3,1.1,0.25,0.5,1.4,0.33299999999999996,0.35200000000000004,0.4,0.9,0.41700000000000004,0.2,1.1,1.4,0.4,0.5,0.0,0.3,0.9,2.1
PG,21,46,7,14.2,1.8,4.1,0.449,0.3,0.8,0.33299999999999996,1.5,3.2,0.48,0.484,0.5,0.7,0.735,0.3,1.3,1.6,2.1,0.5,0.0,1.0,1.4,4.5
PG,24,82,7,24.8,2.8,7.2,0.39299999999999996,0.9,2.7,0.344,1.9,4.4,0.423,0.45799999999999996,1.0,1.4,0.754,0.5,3.0,3.5,2.5,0.9,0.3,0.7,2.2,7.6
C,23,31,4,10.4,1.3,2.3,0.556,0.0,0.1,0.0,1.3,2.2,0.588,0.556,0.8,1.1,0.7140000000000001,1.0,2.3,3.3,0.8,0.2,0.4,0.4,1.0,3.4
SG,30,79,65,29.5,3.7,8.1,0.45399999999999996,1.0,2.7,0.37799999999999995,2.6,5.3,0.493,0.518,1.3,1.5,0.8390000000000001,0.4,2.2,2.6,1.7,1.1,0.4,0.9,1.7,9.6
PF,20,8,0,4.5,0.6,1.3,0.5,0.0,0.0,0.0,0.6,1.3,0.5,0.5,0.0,0.0,0.0,0.3,0.5,0.8,0.0,0.1,0.3,0.1,0.1,1.3
C,28,73,11,20.7,3.8,7.5,0.506,0.0,0.0,0.0,3.8,7.5,0.507,0.506,1.2,1.7,0.7120000000000001,2.1,4.0,6.2,1.2,0.5,0.5,1.3,2.1,8.8
SG,24,62,6,15.8,2.0,5.2,0.39399999999999996,0.6,2.0,0.314,1.4,3.2,0.44299999999999995,0.45299999999999996,1.1,1.5,0.755,0.4,1.6,2.0,1.5,0.6,0.2,0.9,1.5,5.9
C,25,14,4,18.8,2.4,5.5,0.429,0.0,0.0,0.0,2.4,5.5,0.429,0.429,1.8,2.1,0.833,1.5,3.6,5.1,0.6,0.6,1.0,0.9,2.6,6.5
PG,23,64,0,21.3,4.1,9.9,0.413,1.4,4.0,0.344,2.7,5.9,0.46,0.483,1.0,1.3,0.8170000000000001,0.3,1.5,1.8,2.3,0.5,0.1,1.3,1.3,10.6
SG,20,29,0,6.9,0.4,1.2,0.306,0.2,0.9,0.231,0.2,0.3,0.5,0.389,0.0,0.1,0.25,0.1,0.8,0.9,0.3,0.2,0.0,0.2,0.6,1.0
PG,23,81,53,18.5,2.2,5.2,0.431,0.8,2.0,0.395,1.4,3.2,0.45299999999999996,0.507,0.6,0.9,0.743,0.2,1.3,1.5,2.1,0.8,0.0,1.3,1.5,5.9
SF,21,77,52,26.8,3.3,7.8,0.419,0.5,1.9,0.24,2.8,5.9,0.47700000000000004,0.44799999999999995,2.8,4.2,0.6579999999999999,1.3,3.4,4.7,1.8,0.7,1.6,1.4,2.8,9.7
PF,33,29,0,7.0,0.7,1.8,0.358,0.0,0.0,0.0,0.7,1.8,0.358,0.358,0.5,0.9,0.519,0.8,0.9,1.7,0.4,0.2,0.2,0.5,1.5,1.8
PF,30,44,0,7.8,0.7,1.6,0.451,0.0,0.1,0.667,0.7,1.5,0.441,0.465,0.9,1.5,0.585,0.9,1.1,2.0,0.2,0.3,0.2,0.3,1.3,2.4
C,31,70,66,20.7,2.5,4.0,0.627,0.0,0.0,1.0,2.5,4.0,0.626,0.629,0.3,0.7,0.48,1.7,5.3,7.0,2.3,0.5,1.6,1.2,3.2,5.4
SG,24,43,3,11.2,1.7,3.7,0.444,0.4,1.2,0.314,1.3,2.5,0.505,0.494,0.5,0.6,0.833,0.2,1.1,1.3,0.8,0.2,0.0,0.6,0.5,4.1
PG,35,58,2,17.0,1.6,4.1,0.38799999999999996,0.9,2.6,0.344,0.7,1.5,0.461,0.496,0.3,0.3,0.8,0.2,1.4,1.5,3.4,0.4,0.1,1.4,1.2,4.4
PG,19,80,48,28.2,4.9,12.0,0.41,1.6,4.6,0.35100000000000003,3.3,7.3,0.447,0.478,1.8,2.4,0.737,0.6,2.8,3.4,3.3,1.2,0.2,2.5,1.8,13.2
PG,24,23,0,12.3,1.3,3.4,0.385,0.2,0.8,0.222,1.1,2.6,0.433,0.41,0.6,1.1,0.52,0.1,1.2,1.3,3.3,0.8,0.2,1.4,1.2,3.3
SF,35,47,2,7.9,0.5,1.3,0.355,0.4,1.1,0.365,0.1,0.2,0.3,0.508,0.0,0.0,0.0,0.1,1.0,1.1,0.9,0.3,0.1,0.4,1.1,1.3
SG,21,2,0,7.5,1.0,3.0,0.33299999999999996,0.0,0.5,0.0,1.0,2.5,0.4,0.33299999999999996,1.5,2.5,0.6,0.0,1.0,1.0,1.5,1.5,0.0,1.0,1.0,3.5
SF,24,26,0,5.7,0.8,2.5,0.308,0.6,1.8,0.319,0.2,0.7,0.278,0.423,0.3,0.3,1.0,0.1,0.8,0.9,0.2,0.2,0.0,0.0,0.2,2.4
PF,23,20,0,3.6,0.6,1.2,0.478,0.0,0.2,0.0,0.6,1.0,0.579,0.478,0.2,0.5,0.4,0.2,0.7,0.9,0.2,0.1,0.1,0.4,0.5,1.3
SG,31,40,2,20.2,3.8,8.1,0.465,1.0,2.5,0.41,2.8,5.6,0.489,0.528,1.2,1.4,0.855,0.3,1.8,2.1,1.2,0.5,0.0,0.7,1.4,9.8
SG,38,72,7,17.5,2.1,5.2,0.402,1.3,3.6,0.35600000000000004,0.8,1.6,0.504,0.525,0.4,0.5,0.818,0.2,0.9,1.1,1.4,0.7,0.1,0.7,1.3,5.9
PG,33,41,14,18.2,3.2,7.4,0.43700000000000006,0.9,2.5,0.353,2.3,4.9,0.48,0.49700000000000005,0.9,1.0,0.905,0.1,1.6,1.8,2.4,0.3,0.1,1.4,1.5,8.2
PF,28,57,32,16.2,2.0,4.2,0.475,0.4,1.2,0.303,1.6,3.1,0.54,0.517,0.7,1.2,0.574,0.5,1.7,2.2,1.2,0.5,0.6,0.9,1.5,5.0
SG,22,36,0,8.8,1.0,2.7,0.36700000000000005,0.5,1.8,0.302,0.5,1.0,0.486,0.46399999999999997,0.2,0.2,0.857,0.1,1.0,1.0,0.4,0.4,0.1,0.3,0.8,2.7
SF,22,78,14,18.7,2.5,5.3,0.474,0.5,1.8,0.27899999999999997,2.0,3.5,0.5760000000000001,0.522,0.9,1.4,0.622,1.3,2.3,3.6,0.9,0.6,0.4,0.8,1.6,6.4
C,26,73,43,29.1,5.7,9.3,0.606,0.0,0.0,0.0,5.7,9.3,0.606,0.606,2.9,4.5,0.65,3.3,8.6,11.8,0.4,0.6,3.7,1.9,2.8,14.2
PF,31,24,1,6.5,0.7,2.1,0.33299999999999996,0.4,1.5,0.278,0.3,0.6,0.467,0.431,0.3,0.3,0.857,0.0,0.4,0.4,0.5,0.1,0.0,0.3,0.7,2.1
SF,26,80,80,35.7,5.1,11.8,0.434,1.4,3.7,0.36200000000000004,3.8,8.1,0.467,0.491,2.5,3.4,0.7490000000000001,1.1,3.9,5.1,2.5,0.8,0.3,1.8,2.1,14.1
C,26,78,14,19.0,3.0,5.7,0.532,0.0,0.0,0.0,3.0,5.7,0.532,0.532,0.7,1.3,0.5479999999999999,2.2,3.3,5.4,0.4,0.5,0.9,0.6,2.4,6.8
SG,30,72,25,14.7,1.5,3.6,0.42700000000000005,0.9,2.2,0.414,0.6,1.4,0.447,0.552,0.3,0.4,0.643,0.3,2.2,2.5,0.8,0.3,0.3,0.5,0.8,4.2
PG,24,41,6,11.6,1.3,3.6,0.377,0.4,1.0,0.35700000000000004,1.0,2.5,0.385,0.428,0.3,0.4,0.8,0.2,1.0,1.1,1.5,0.3,0.2,0.6,0.7,3.3
SG,33,13,0,14.8,1.6,4.5,0.35600000000000004,0.9,2.8,0.324,0.7,1.7,0.409,0.45799999999999996,0.8,1.2,0.733,0.1,2.0,2.1,1.1,0.3,0.1,0.2,1.9,5.0
PG,29,72,72,32.8,5.8,12.2,0.47700000000000004,0.9,2.8,0.312,4.9,9.3,0.527,0.513,1.7,2.3,0.727,0.8,3.1,3.8,5.8,1.0,0.2,2.6,2.6,14.1
SF,25,26,6,11.3,0.9,2.5,0.364,0.4,1.2,0.313,0.5,1.3,0.41200000000000003,0.439,0.3,0.5,0.643,0.3,1.2,1.5,0.6,0.5,0.2,0.8,0.9,2.6
SG,24,78,15,27.6,3.6,9.1,0.39899999999999997,1.1,3.1,0.358,2.5,6.0,0.42100000000000004,0.46,1.4,2.0,0.713,0.5,2.1,2.6,2.0,1.0,0.2,1.5,1.8,9.8
PG,19,37,0,15.5,1.5,4.2,0.359,0.4,1.4,0.302,1.1,2.8,0.38799999999999996,0.41,0.8,1.1,0.718,0.2,1.1,1.3,2.9,0.8,0.1,0.9,0.9,4.2
SF,22,73,40,15.9,1.9,4.3,0.442,0.2,0.9,0.222,1.7,3.5,0.496,0.46399999999999997,1.1,1.7,0.6559999999999999,0.6,2.0,2.6,0.6,0.3,0.5,1.0,1.9,5.1
C,27,54,4,9.4,1.9,3.2,0.603,0.0,0.0,0.0,1.9,3.2,0.603,0.603,1.6,2.1,0.763,1.4,2.2,3.6,0.4,0.2,0.4,0.5,1.0,5.5
SG,23,72,52,33.0,5.9,13.5,0.43799999999999994,1.4,3.9,0.348,4.5,9.6,0.475,0.489,2.8,3.4,0.83,0.7,4.1,4.8,3.9,1.6,0.8,2.1,2.4,16.0
SF,35,74,5,17.9,1.9,4.2,0.45799999999999996,0.9,2.3,0.382,1.0,1.9,0.5539999999999999,0.564,0.8,1.2,0.667,0.2,1.5,1.7,0.8,0.4,0.2,0.6,1.7,5.5
PG,25,79,79,30.7,6.8,15.7,0.434,1.5,4.2,0.353,5.3,11.5,0.46399999999999997,0.48200000000000004,3.7,4.3,0.8640000000000001,0.7,2.5,3.2,6.2,0.7,0.1,2.8,2.4,18.8
SF,26,47,13,18.0,2.6,6.1,0.42200000000000004,0.9,2.3,0.40399999999999997,1.7,3.8,0.433,0.498,0.8,1.1,0.78,0.5,2.6,3.1,1.1,0.2,0.1,0.5,1.9,7.0
SG,27,52,18,28.9,3.6,8.4,0.423,1.9,4.4,0.43700000000000006,1.6,4.0,0.408,0.539,1.3,1.7,0.778,0.4,2.3,2.7,3.1,0.9,0.2,1.4,2.1,10.4
PG,35,46,7,13.7,1.1,2.8,0.38,0.5,1.3,0.387,0.5,1.5,0.373,0.473,0.3,0.3,0.938,0.2,1.3,1.5,1.6,0.3,0.0,0.7,1.4,3.0
C,31,37,5,14.6,1.1,2.0,0.5329999999999999,0.0,0.0,0.0,1.1,2.0,0.5329999999999999,0.5329999999999999,0.3,0.7,0.44,0.7,2.8,3.5,0.8,0.3,0.3,1.1,1.7,2.5
SG,22,52,2,21.3,2.4,5.2,0.452,1.0,2.2,0.461,1.3,3.0,0.446,0.55,0.8,1.2,0.667,0.4,1.7,2.1,1.4,0.7,0.5,0.7,2.1,6.6
C,19,60,30,22.8,4.4,8.8,0.498,0.1,0.2,0.214,4.4,8.6,0.506,0.501,1.5,2.0,0.727,1.1,4.4,5.5,0.7,0.4,1.4,1.1,2.6,10.3
C,39,61,60,25.2,3.5,7.2,0.488,0.0,0.0,0.0,3.5,7.2,0.49,0.488,1.5,2.1,0.7020000000000001,1.9,5.4,7.3,2.7,0.8,1.3,1.5,2.0,8.6
PG,22,12,0,13.3,1.6,4.5,0.35200000000000004,0.1,0.8,0.1,1.5,3.7,0.409,0.361,1.6,2.8,0.5760000000000001,0.3,1.1,1.4,1.8,0.3,0.0,0.6,1.7,4.8
PF,27,75,0,15.3,2.3,5.0,0.46799999999999997,0.8,2.1,0.392,1.5,2.9,0.523,0.551,0.7,0.8,0.794,0.7,2.0,2.7,1.0,0.3,0.2,0.6,1.4,6.2
PG,31,69,0,16.1,2.7,6.8,0.401,1.0,2.7,0.35700000000000004,1.8,4.1,0.43,0.47100000000000003,0.7,0.9,0.7659999999999999,0.3,1.2,1.5,2.6,0.4,0.1,1.2,1.9,7.1
PF,24,5,0,11.0,1.0,2.4,0.41700000000000004,0.8,1.2,0.667,0.2,1.2,0.16699999999999998,0.583,0.0,0.8,0.0,0.4,1.6,2.0,0.0,0.2,0.4,0.6,0.6,2.8
C,31,52,52,34.4,6.3,13.6,0.46399999999999997,0.0,0.1,0.667,6.3,13.5,0.46299999999999997,0.465,3.9,4.7,0.8290000000000001,1.1,5.8,7.0,3.8,1.0,1.3,2.3,2.7,16.6
PF,27,59,5,22.3,2.9,6.5,0.442,0.7,1.8,0.40399999999999997,2.1,4.6,0.45799999999999996,0.5,1.7,2.0,0.857,0.6,1.6,2.2,0.9,0.4,0.1,1.0,1.8,8.2
SF,25,82,82,28.5,3.6,8.8,0.41600000000000004,1.5,4.3,0.361,2.1,4.5,0.46799999999999997,0.503,1.4,1.9,0.737,1.2,4.9,6.1,1.7,0.9,0.6,1.5,2.1,10.2
PF,23,63,22,20.1,2.5,4.8,0.527,0.0,0.2,0.1,2.5,4.6,0.541,0.528,0.5,0.7,0.6809999999999999,1.6,3.3,5.0,0.7,0.9,0.4,0.7,2.0,5.5
SF,23,3,0,2.0,0.7,1.3,0.5,0.7,0.7,1.0,0.0,0.7,0.0,0.75,0.0,0.0,0.0,0.0,0.3,0.3,0.0,0.0,0.0,0.3,0.0,2.0
C,29,76,2,15.5,3.2,6.6,0.485,0.1,0.2,0.25,3.2,6.4,0.493,0.489,0.7,0.9,0.8059999999999999,0.7,2.2,2.9,0.8,0.4,0.9,0.8,2.1,7.2
PF,30,73,55,26.5,3.6,6.8,0.526,0.0,0.0,0.0,3.6,6.8,0.529,0.526,1.4,2.0,0.6920000000000001,2.8,4.1,6.9,1.5,0.6,1.1,1.1,2.5,8.6
SF,25,11,4,27.6,4.5,10.5,0.42200000000000004,1.2,4.1,0.289,3.3,6.5,0.507,0.478,1.3,1.9,0.667,1.1,4.5,5.6,2.3,0.7,0.3,1.5,2.2,11.4
C,29,81,81,23.2,2.2,5.1,0.44299999999999995,0.0,0.0,0.0,2.2,5.0,0.445,0.44299999999999995,1.4,1.8,0.807,1.6,3.3,4.9,1.2,0.4,1.4,0.9,3.1,5.9
SG,23,51,1,16.9,2.2,5.2,0.43,0.9,2.8,0.33799999999999997,1.3,2.4,0.537,0.521,1.0,1.1,0.893,0.1,1.5,1.7,1.0,0.4,0.1,0.5,0.9,6.4
SG,25,23,0,7.3,1.1,2.9,0.39399999999999996,0.4,1.0,0.391,0.7,1.9,0.395,0.462,0.4,0.5,0.75,0.0,0.5,0.5,0.4,0.4,0.1,0.1,0.7,3.0
PG,26,48,7,18.1,2.3,6.3,0.368,1.1,3.2,0.32899999999999996,1.3,3.1,0.409,0.452,1.2,1.6,0.731,0.3,1.7,2.0,3.5,0.6,0.1,1.2,1.2,6.9
SG,23,34,0,4.2,0.4,1.4,0.265,0.1,0.6,0.23800000000000002,0.2,0.8,0.28600000000000003,0.316,0.1,0.1,1.0,0.3,0.6,0.9,0.3,0.1,0.0,0.3,0.2,1.1
PF,25,78,15,18.5,2.9,6.3,0.465,0.2,0.6,0.33299999999999996,2.8,5.8,0.478,0.48,1.3,1.8,0.752,1.8,3.0,4.8,0.9,0.6,0.4,1.1,2.4,7.4
PF,33,57,11,19.2,3.7,6.7,0.544,0.0,0.1,0.0,3.7,6.7,0.5489999999999999,0.544,1.9,3.2,0.578,0.9,3.6,4.5,1.7,0.9,0.5,1.3,2.7,9.2
SF,21,29,17,21.2,2.2,4.8,0.457,0.1,0.5,0.28600000000000003,2.0,4.3,0.47600000000000003,0.47100000000000003,1.3,1.8,0.7120000000000001,1.3,4.0,5.3,1.5,1.3,0.6,0.9,2.1,5.8
PG,25,65,23,28.2,6.3,14.4,0.439,1.3,4.0,0.336,5.0,10.4,0.478,0.485,2.8,3.3,0.843,0.4,2.6,3.0,6.0,1.4,0.3,2.6,2.3,16.8
PF,39,38,38,14.6,1.4,3.0,0.47,0.0,0.0,0.0,1.4,3.0,0.474,0.47,0.4,0.6,0.667,0.4,3.6,3.9,1.6,0.7,0.3,0.4,1.8,3.2
PF,30,74,73,32.4,4.6,10.1,0.455,1.2,3.5,0.344,3.4,6.6,0.513,0.514,2.0,2.6,0.755,1.5,4.5,6.0,1.9,1.0,0.4,1.1,1.6,12.3
SG,24,52,50,36.0,7.1,17.2,0.415,2.3,6.8,0.342,4.8,10.5,0.461,0.48200000000000004,3.0,3.5,0.852,0.7,3.2,3.9,5.1,1.2,0.4,3.4,2.4,19.6
PG,28,66,13,21.4,2.1,5.4,0.39299999999999996,0.5,1.6,0.33299999999999996,1.6,3.7,0.419,0.444,0.9,1.3,0.6859999999999999,0.4,1.4,1.8,3.6,0.8,0.1,1.4,1.3,5.7
C,31,47,18,23.3,5.2,10.7,0.485,0.0,0.0,0.0,5.2,10.7,0.485,0.485,1.5,2.4,0.649,1.2,5.2,6.4,1.5,0.6,0.9,0.7,2.5,12.0
SG,22,38,2,10.1,1.4,3.4,0.397,0.5,1.3,0.38,0.9,2.1,0.40700000000000003,0.469,0.8,1.1,0.725,0.1,1.1,1.2,0.7,0.2,0.0,0.5,0.7,4.0
PF,20,24,4,15.1,1.8,4.5,0.40399999999999997,0.5,1.4,0.382,1.3,3.1,0.413,0.46299999999999997,0.5,1.0,0.478,1.0,1.8,2.8,0.4,1.2,0.5,0.6,1.6,4.7
SF,22,40,5,10.0,0.8,1.9,0.405,0.3,0.9,0.297,0.5,0.9,0.514,0.48,0.7,0.7,0.929,0.2,1.3,1.5,0.9,0.2,0.1,0.6,0.7,2.4
PF,19,5,0,4.2,0.8,1.4,0.5710000000000001,0.2,0.4,0.5,0.6,1.0,0.6,0.643,0.0,0.0,0.0,0.8,1.2,2.0,0.0,0.0,0.0,0.2,0.4,1.8
PF,33,76,4,18.2,2.7,5.0,0.527,0.3,0.9,0.36200000000000004,2.3,4.1,0.564,0.56,0.7,1.0,0.737,0.8,2.3,3.1,2.3,0.3,0.3,1.3,1.3,6.4
SG,24,44,3,9.3,0.8,2.4,0.34299999999999997,0.3,0.9,0.308,0.5,1.5,0.364,0.4,0.8,1.3,0.655,0.1,0.8,0.9,0.5,0.3,0.0,0.5,0.9,2.7
PG,28,56,56,31.4,5.3,12.4,0.42200000000000004,1.4,3.8,0.363,3.9,8.6,0.449,0.478,3.4,4.1,0.8340000000000001,0.5,2.5,2.9,6.1,1.2,0.3,1.5,1.8,15.3
PG,31,65,63,32.4,4.9,11.9,0.414,1.5,4.3,0.344,3.4,7.6,0.45399999999999996,0.47700000000000004,2.8,3.2,0.8690000000000001,0.3,2.6,2.9,5.8,0.9,0.2,2.3,2.4,14.1
C,31,37,12,12.4,1.3,2.1,0.62,0.0,0.0,0.0,1.3,2.1,0.62,0.62,0.7,1.1,0.619,1.3,1.4,2.6,0.3,0.2,0.6,0.6,1.7,3.4
SG,23,66,0,18.6,3.5,7.7,0.451,0.8,2.7,0.309,2.6,5.0,0.529,0.506,1.0,1.3,0.727,0.7,3.2,3.8,1.2,0.6,0.5,0.8,1.6,8.8
SG,28,3,0,14.3,2.3,6.7,0.35,1.3,3.0,0.444,1.0,3.7,0.273,0.45,1.3,1.3,1.0,0.3,1.3,1.7,1.0,0.0,0.0,0.3,0.7,7.3
PF,31,53,53,33.5,6.8,14.5,0.467,1.5,4.2,0.365,5.2,10.3,0.508,0.52,4.0,5.1,0.795,0.9,6.5,7.4,2.4,0.7,0.6,1.5,1.9,19.1
SG,28,76,41,21.3,2.9,7.4,0.389,1.3,3.5,0.358,1.6,3.9,0.41600000000000004,0.474,0.7,0.8,0.857,0.3,2.0,2.3,1.1,0.6,0.1,0.6,1.1,7.7
SG,30,69,14,22.6,3.3,8.5,0.392,1.2,3.8,0.32299999999999995,2.1,4.7,0.446,0.46299999999999997,1.0,1.3,0.7829999999999999,0.4,2.0,2.4,0.8,0.6,0.3,0.7,1.8,8.9
C,27,82,82,27.1,4.4,8.1,0.539,0.0,0.0,0.0,4.4,8.1,0.54,0.539,1.6,2.0,0.795,3.3,4.1,7.3,1.4,0.2,1.6,1.6,2.2,10.3
SF,25,22,5,15.0,2.5,5.1,0.478,1.2,2.6,0.44799999999999995,1.3,2.5,0.509,0.593,1.1,1.5,0.735,1.0,1.0,1.9,1.0,0.7,0.2,0.9,1.3,7.2
C,21,32,3,17.1,3.2,7.6,0.41700000000000004,0.0,0.1,0.0,3.2,7.5,0.423,0.41700000000000004,1.9,3.1,0.616,2.0,3.4,5.5,1.3,0.8,1.4,1.7,2.8,8.2
SG,24,79,79,36.1,6.4,14.5,0.444,1.8,4.6,0.396,4.6,9.9,0.466,0.507,3.5,3.9,0.888,0.6,3.3,3.8,4.2,1.7,0.2,2.3,2.6,18.2
PG,28,61,33,21.6,2.5,5.7,0.44,0.6,1.6,0.384,1.9,4.1,0.462,0.494,1.3,1.7,0.75,0.3,2.6,2.8,4.4,0.5,0.1,1.3,1.2,7.0
SF,20,20,1,7.8,0.7,1.9,0.35100000000000003,0.2,0.7,0.231,0.5,1.2,0.41700000000000004,0.392,0.4,0.4,0.875,0.1,1.5,1.6,0.5,0.3,0.2,0.6,0.6,1.8
PG,31,74,16,22.5,4.3,9.6,0.446,1.4,3.5,0.385,2.9,6.1,0.48100000000000004,0.516,1.0,1.3,0.7709999999999999,0.4,1.7,2.1,4.1,0.4,0.0,1.5,1.5,10.9
PF,35,76,76,21.5,3.5,7.9,0.45,0.9,2.1,0.40399999999999997,2.7,5.8,0.467,0.504,0.8,1.1,0.726,1.1,3.6,4.7,0.9,0.6,0.4,0.9,2.3,8.7
C,30,25,0,3.8,0.4,0.7,0.529,0.0,0.0,0.0,0.4,0.7,0.529,0.529,0.2,0.4,0.455,0.5,0.6,1.0,0.1,0.2,0.2,0.3,0.4,0.9
PF,25,8,0,6.3,1.1,2.8,0.409,0.0,0.1,0.0,1.1,2.6,0.429,0.409,0.5,0.8,0.667,0.8,1.3,2.0,0.0,0.0,0.1,0.0,1.0,2.8
C,23,82,1,21.0,5.0,8.8,0.5760000000000001,0.1,0.3,0.47600000000000003,4.9,8.5,0.579,0.583,2.4,3.1,0.797,3.0,5.1,8.1,0.4,0.3,0.4,1.4,2.0,12.7
SG,32,81,8,20.3,2.1,6.0,0.35100000000000003,0.9,3.1,0.3,1.2,2.9,0.405,0.428,0.8,0.9,0.8240000000000001,0.3,1.6,1.9,2.0,0.5,0.4,1.1,1.6,5.9
C,25,65,65,34.6,9.2,20.5,0.451,1.1,3.2,0.33299999999999996,8.2,17.3,0.473,0.47700000000000004,7.3,10.2,0.718,2.4,9.1,11.5,3.3,1.6,1.4,3.8,3.6,26.9
C,28,17,0,6.3,0.7,1.4,0.522,0.0,0.1,0.0,0.7,1.3,0.545,0.522,0.4,0.4,1.0,0.2,1.1,1.3,0.3,0.0,0.2,0.4,1.1,1.8
PG,23,27,1,8.5,1.3,3.0,0.45,0.2,0.5,0.385,1.1,2.5,0.46299999999999997,0.48100000000000004,1.0,1.3,0.743,0.3,1.1,1.4,1.1,0.3,0.1,0.6,0.3,3.8
C,21,67,62,29.3,4.6,8.8,0.521,0.0,0.0,0.5,4.6,8.7,0.521,0.522,2.0,3.4,0.59,2.3,5.8,8.1,1.8,1.8,1.5,2.4,2.9,11.1
SF,28,30,2,8.4,0.9,1.6,0.542,0.1,0.5,0.25,0.7,1.1,0.688,0.583,0.5,0.7,0.7140000000000001,0.4,1.4,1.8,0.1,0.2,0.3,0.2,0.6,2.4
C,24,59,15,17.6,3.3,6.4,0.513,0.2,0.9,0.245,3.1,5.5,0.557,0.53,1.1,1.2,0.899,1.3,3.6,4.9,0.9,0.2,0.3,0.9,1.9,7.9
C,29,76,48,17.4,2.7,4.7,0.565,0.0,0.1,0.14300000000000002,2.7,4.6,0.574,0.5670000000000001,0.9,1.3,0.716,1.4,3.0,4.4,0.4,0.3,0.8,0.9,2.1,6.3
SG,22,76,76,36.7,5.3,12.6,0.42,1.5,4.9,0.309,3.8,7.8,0.489,0.479,2.4,3.0,0.8109999999999999,0.9,2.8,3.7,1.8,1.4,0.2,1.4,2.2,14.5
C,25,82,82,25.4,3.3,6.3,0.516,0.0,0.0,0.0,3.3,6.3,0.52,0.516,2.6,4.1,0.642,2.5,5.2,7.7,2.8,0.8,1.0,1.9,3.1,9.1
C,32,2,0,12.0,0.5,1.0,0.5,0.0,0.0,0.0,0.5,1.0,0.5,0.5,1.0,1.0,1.0,0.0,4.0,4.0,1.0,0.0,0.0,1.5,3.0,2.0
